{"playerData":{"playerStats":[100.0,1985.0,98.0],"playerPositionAndRotation":[26.46059226989746,1.9299997091293336,34.04592514038086,0.08587050437927246,0.8162308931350708,-0.12576894462108613],"inventoryContent":["Stick","Stick"],"quickSlotsContent":["Axe"]},"environmentData":{"pickedUpItems":["Stick0003","Stone0005","Stick0004","Stick0001","Stick0002","Stone0001","Stone0003"]}}